{
  "version": 1,
  "author": "Anonymous maker",
  "editor": "wokwi",
  "parts": [
    { "type": "wokwi-arduino-uno", "id": "uno", "top": 70.67, "left": -7.33, "attrs": {} },
    { "type": "wokwi-7segment", "id": "sevseg1", "top": -39.7, "left": 54.67, "attrs": {} }
  ],
  "connections": [
    [ "sevseg1:C", "uno:4", "red", [ "v17.03", "h120.68" ] ],
    [ "sevseg1:COM.1", "uno:5V", "cyan", [ "h0.94", "v29.03", "h-132.67", "v241.33", "h203.33" ] ],
    [ "sevseg1:COM.2", "uno:5V", "magenta", [ "v-19.38", "h-110.39", "v294.08", "h184.67" ] ],
    [ "sevseg1:D", "uno:5", "limegreen", [ "v23.7", "h130.55" ] ],
    [ "sevseg1:E", "uno:6", "gold", [ "v29.7", "h131.48" ] ],
    [ "sevseg1:F", "uno:7", "gray", [ "v-10.71", "h-32.79", "v110.67", "h146.67" ] ],
    [ "sevseg1:G", "uno:8", "blue", [ "v-16.04", "h-36.52", "v122", "h144.67" ] ],
    [ "sevseg1:B", "uno:2", "black", [ "v-14.71", "h127.07" ] ],
    [ "sevseg1:A", "uno:3", "#8f4814", [ "v-4.04", "h133.34" ] ]
  ]
}